{"mean": -49.460339453686245, "std": 18.58393039016704}